{
  "config": {
    "numCoils": 12,
    "maxParticles": 5000,
    "numElectrons": 5000,
    "injectionRate": 10,
    "populationSize": 40,
    "mutationRate": 0.15,
    "mutationSigma": 0.18,
    "episodeSteps": 500,
    "coilPreset": "auto",
    "numLasers": 12,
    "cannonPowerKW": 2,
    "laserPowerW": 5,
    "laserPower": 1,
    "laserRadius": 0.12,
    "R": 1,
    "v0": 0.6,
    "dt": 0.02,
    "eps": 0.18,
    "kmag": 2.5,
    "qm": 1,
    "seed": 1,
    "gaSeed": 12345
  },
  "generations": 150,
  "longSteps": 30000,
  "geneCount": 21,
  "groups": 6,
  "lasersTotal": 12,
  "lasersOn": 0,
  "bestFitness": 1.0500039082935309,
  "steadyStateMeanN": 153.5,
  "steadyStateMeanConfined": 149.2,
  "peakN": 172,
  "totalInjected": 6000,
  "totalLost": 5840,
  "escapeFraction": 0.9733,
  "meanConfinementTime_s": 15.35,
  "bestGenome": [
    3.07331,
    1.39648,
    1.4774,
    1.4192,
    1.62855,
    1.50138,
    1.70394,
    -0.80697,
    0.22304,
    0.12021,
    0.3546,
    0,
    0.2673,
    0.23622,
    0.2471,
    0.46125,
    0.33566,
    0.09842,
    0,
    0.02395,
    0.20537
  ]
}